Modelis,Kaina
Samsung Galaxy A33,369 €
Samsung Galaxy A53 5G,409 €
Samsung Galaxy S22+,1 059 €
Samsung Galaxy S22 Ultra,1 259 €
Samsung Galaxy Flip3 5G,599 €
Samsung Galaxy Fold3 5G,1 699 €
Samsung Galaxy A52s 5G,299 €
Samsung Galaxy S20 FE 5G,459 €
Samsung Galaxy S21 FE,759 €
Samsung Galaxy S22,799 €
Samsung Galaxy A22 128GB 5G,199 €
Samsung Galaxy A22 64GB 5G,179 €
Samsung Galaxy A13,159 €
Samsung Galaxy XCover 5,249 €
Samsung Galaxy Xcover Pro,419 €
Samsung Galaxy S21+,839 €
Samsung Galaxy S21,699 €
Samsung Galaxy A12 (A125),129 €
